"sep=;";;;;;;;;;;;;;;;;;;;;;;;;;;;;;;;;;;;;;;;;;;;;;;;
post_name;post_title;post_status;post_content;post_excerpt;post_author;post_parent;post_date;comment_status;ping_status;post_image;ait-items;ait-locations;subtitle;featuredItem;headerImage;headerHeight;address;latitude;longitude;streetview;telephone;telephoneAdditional@number;email;showEmail;contactOwnerBtn;web;webLinkLabel;displayOpeningHours;openingHoursMonday;openingHoursTuesday;openingHoursWednesday;openingHoursThursday;openingHoursFriday;openingHoursSaturday;openingHoursSunday;openingHoursNote;displaySocialIcons;socialIconsOpenInNewWindow;socialIcons@icon;socialIcons@link;displayGallery;gallery@title;gallery@image;displayFeatures;features@icon;features@text;features@desc
";various-small-fires;";Various Small Fires;;A short description of the initiative by its initiators will appear here shortly.;;106;;;;;ARA_Default_Banner_Thumb_Image-1;;";los-angeles-ca;";;;;;812 N. HIGHLAND AVE. LOS ANGELES, CA 90038;34.0856992;-118.3384181;;;;info@vsf.la;1;1;vsf.la;;1;Coming Soon;;;;;;;;;;;;1;;;;;;
";lax-art;";Lax Art;;A short description of the initiative by its initiators will appear here shortly.;;107;;;;;ARA_Default_Banner_Thumb_Image-1;;";los-angeles-ca;";;;;;7000 Santa Monica Blvd. Hollywood, CA 90038;34.0907086;-118.3418262;;;;info@laxart.org;1;1;http://laxart.org/;;1;Coming Soon;;;;;;;;;;;;1;;;;;;
";las-cienegas-projects;";Las Cienegas Projects;;A short description of the initiative by its initiators will appear here shortly.;;108;;;;;ARA_Default_Banner_Thumb_Image-1;;";los-angeles-ca;";;;;;2045 S. La Cienega Blvd. Los Angeles, CA 90034;34.0390242;-118.3776286;;;;lascienegasprojects@gmail.com;1;1;https://lascienegasprojects.wordpress.com/;;1;Coming Soon;;;;;;;;;;;;1;;;;;;
";clui;";Clui;;A short description of the initiative by its initiators will appear here shortly.;;109;;;;;ARA_Default_Banner_Thumb_Image-1;;";culver-city-ca;";;;;;9331 Venice Blvd., Culver City, CA 90232;34.0259925;-118.3948444;;;;clui@clui.org;1;1;http://clui.org/;;1;Coming Soon;;;;;;;;;;;;1;;;;;;
";mkelax;";MkeLax;;A short description of the initiative by its initiators will appear here shortly.;;110;;;;;ARA_Default_Banner_Thumb_Image-1;;";los-angeles-ca;";;;;;LOS ANGELES, CA;33.9415889;-118.40853;;;;;1;1;mke-lax.org;;1;Coming Soon;;;;;;;;;;;;1;;;;;;
";trunk-gallery;";Trunk Gallery;;A short description of the initiative by its initiators will appear here shortly.;;111;;;;;ARA_Default_Banner_Thumb_Image-1;;";los-angeles-ca;";;;;;12818 VENICE BLVD. LOS ANGELES, CA 90066;33.9997408;-118.4408373;;;;hello@trunkgallery.org;1;1;trunkgallery.org;;1;Coming Soon;;;;;;;;;;;;1;;;;;;
";jaus;";Jaus;;A short description of the initiative by its initiators will appear here shortly.;;112;;;;;ARA_Default_Banner_Thumb_Image-1;;";los-angeles-ca;";;;;;11851 La Grange Ave., Los Angeles, CA, 90025 ;34.0352729;-118.4535818;;;;info@jausart.com;1;1;http://www.jausart.com/;;1;Coming Soon;;;;;;;;;;;;1;;;;;;
";del-vaz-projects;";Del Vaz Projects;;A short description of the initiative by its initiators will appear here shortly.;;113;;;;;ARA_Default_Banner_Thumb_Image-1;;";los-angeles-ca;";;;;;1600 WESTGATE AVE. #208 LOS ANGELES, CA 90025;34.0411702;-118.459585;;;;jayenayssan@gmail.com;1;1;delvazprojects.com/about;;1;Coming Soon;;;;;;;;;;;;1;;;;;;
";18th-street-art;";18Th Street Art;;A short description of the initiative by its initiators will appear here shortly.;;114;;;;;ARA_Default_Banner_Thumb_Image-1;;";santa-monica-ca;";;;;;1639 18th Street Santa Monica CA 90404;34.023855;-118.4777478;;;;office@18thstreet.org;1;1;http://18thstreet.org/;;1;Coming Soon;;;;;;;;;;;;1;;;;;;
";the-holland-project;";The Holland Project;;A short description of the initiative by its initiators will appear here shortly.;;115;;;;;ARA_Default_Banner_Thumb_Image-1;;";reno-nv;";;;;;140 VESTA ST. RENO, NV 89502;39.509635;-119.80367;;;;hollandreno@gmail.com;1;1;hollandreno.org;;1;Coming Soon;;;;;;;;;;;;1;;;;;;
";alabama-sir;";Alabama-Sir;;A short description of the initiative by its initiators will appear here shortly.;;116;;;;;ARA_Default_Banner_Thumb_Image-1;;";leipzig;";;;;;Spinnereistrasse 7, Hall 20, 1. OG 04179, Leipzig;51.3265401;12.3182239;;;;info@alabama-sir.de;1;1;http://www.alabama-sir.de/alabama-sir.html;;1;Coming Soon;;;;;;;;;;;;1;;;;;;
";laden-fuer-nichts;";Laden Fuer Nichts;;A short description of the initiative by its initiators will appear here shortly.;;117;;;;;ARA_Default_Banner_Thumb_Image-1;;";leipzig;";;;;;Spinnereistr. 7, Halle 18 04179 Leipzig;51.326537;12.3182245;;;;info@ladenfuernichts.de;1;1;http://www.ladenfuernichts.de/en/aktuell;;1;Coming Soon;;;;;;;;;;;;1;;;;;;
";halle-14;";Halle 14;;A short description of the initiative by its initiators will appear here shortly.;;118;;;;;ARA_Default_Banner_Thumb_Image-1;;";leipzig;";;;;;Spinnereistr. 7, 04179 Leipzig ;51.3265404;12.3190583;;;;office@halle14.org;1;1;http://www.halle14.org/;;1;Coming Soon;;;;;;;;;;;;1;;;;;;
";d21;";D21;;A short description of the initiative by its initiators will appear here shortly.;;119;;;;;ARA_Default_Banner_Thumb_Image-1;;";leipzig;";;;;;Demmerinstrace 21 04177 Leipzig;51.3377098;12.3321482;;;;office@d21-leipzig.de;1;1;http://www.d21-leipzig.de/;;1;Coming Soon;;;;;;;;;;;;1;;;;;;
";lindenow;";Lindenow;;A short description of the initiative by its initiators will appear here shortly.;;120;;;;;ARA_Default_Banner_Thumb_Image-1;;";leipzig;";;;;;Lutzner 30 st. 04177 Leipzig;51.33577;12.3357;;;;presse@lindenow.org;1;1;http://www.lindenow.org/Lindenow/;;1;Coming Soon;;;;;;;;;;;;1;;;;;;
";ort-loff;";Ort Loff;;A short description of the initiative by its initiators will appear here shortly.;;121;;;;;ARA_Default_Banner_Thumb_Image-1;;";leipzig;";;;;;Ahnallee 73 D - 04177 Leipzig;51.3373756;12.3403386;;;;galerie@ortloff.org;1;1;http://www.ortloff.org/;;1;Coming Soon;;;;;;;;;;;;1;;;;;;
";11-projects;";11 Projects;;A short description of the initiative by its initiators will appear here shortly.;;122;;;;;ARA_Default_Banner_Thumb_Image-1;;";roma;";;;;;;41.8740945;12.5183755;;;;1to1projects@gmail.com;1;1;http://1to1projects.org/indexhibit/;;1;Coming Soon;;;;;;;;;;;;1;;;;;;
";galleri-rostrum;";Galleri Rostrum;;A short description of the initiative by its initiators will appear here shortly.;;123;;;;;ARA_Default_Banner_Thumb_Image-1;;";malmö;";;;;;Vastergatan 21, 211 21 Malmo;55.6062149;12.9955113;;;;info@rostum.nu;1;1;http://rostrum.nu/;;1;Coming Soon;;;;;;;;;;;;1;;;;;;
";arnica;";Arnica;;A short description of the initiative by its initiators will appear here shortly.;;124;;;;;ARA_Default_Banner_Thumb_Image-1;;";kamloops;";;;;;Old Courthouse Cultural Centre, 7 Seymour st. West, Kamloops, BC;50.6751214;-120.3393787;;;;arnicaarc@gmail.com;1;1;http://www.arnicaartistruncentre.ca/;;1;Coming Soon;;;;;;;;;;;;1;;;;;;
";department-of-avant-garde-cliches;";Department Of Avant-Garde Cliches;;A short description of the initiative by its initiators will appear here shortly.;;125;;;;;ARA_Default_Banner_Thumb_Image-1;;";manila;";;;;;2289 Pasong Tamo Extension, UPRC III Building, Makati City, Metro Manila, Philippines 1231;14.5362379;121.0217734;;;;;1;1;;;1;Coming Soon;;;;;;;;;;;;1;;;;;;
";att;";At@T;;A short description of the initiative by its initiators will appear here shortly.;;126;;;;;ARA_Default_Banner_Thumb_Image-1;;";taipei;";;;;;7F, No.160, Sec. 1, Jianguo S. Rd., Daan Dist., 106 Taipei City, Taiwan;25.0355185;121.5379979;;;;etat.tw@gmail.com;1;1;http://www.etat.com/;;1;Coming Soon;;;;;;;;;;;;1;;;;;;
";macla;";Macla;;A short description of the initiative by its initiators will appear here shortly.;;127;;;;;ARA_Default_Banner_Thumb_Image-1;;";san-jose-ca;";;;;;510 S. FIRST ST. SAN JOSE, CA 95113;37.328342;-121.8845592;;;;info@maclaarte.org;1;1;maclaarte.org;;1;Coming Soon;;;;;;;;;;;;1;;;;;;
";free-oakland-utopian-projects;";Free Oakland Utopian Projects;;A short description of the initiative by its initiators will appear here shortly.;;128;;;;;ARA_Default_Banner_Thumb_Image-1;;";oakland-ca;";;;;;2809 MACARTHUR BLVD. OAKLAND, CA 94602;37.7981866;-122.2082019;;;;jocelyn@freeup.us;1;1;freeup.us;;1;Coming Soon;;;;;;;;;;;;1;;;;;;
";royal-nonesuch-gallery;";Royal Nonesuch Gallery;;A short description of the initiative by its initiators will appear here shortly.;;129;;;;;ARA_Default_Banner_Thumb_Image-1;;";oakland-ca;";;;;;4231 TELEGRAPH AVE. OAKLAND, CA 94609;37.8313658;-122.2640996;;;;royalnonesuchgallery@gmail.com;1;1;royalnonesuchgallery.com;;1;Coming Soon;;;;;;;;;;;;1;;;;;;
";creative-growth;";Creative Growth;;A short description of the initiative by its initiators will appear here shortly.;;130;;;;;ARA_Default_Banner_Thumb_Image-1;;";oakland-ca;";;;;;355 24th St. OAKLAND 94612;37.8129322;-122.2641745;;;;tom@creativegrowth.org;1;1;http://www.creativegrowth.org/category/news/;;1;Coming Soon;;;;;;;;;;;;1;;;;;;
";aggregate-space-gallery;";Aggregate Space Gallery;;A short description of the initiative by its initiators will appear here shortly.;;131;;;;;ARA_Default_Banner_Thumb_Image-1;;";oakland-ca;";;;;;801 W. GRAND AVE. OAKLAND, CA 94607;37.8132678;-122.276244;;;;info@aggregatespace.com;1;1;aggregatespace.com;;1;Coming Soon;;;;;;;;;;;;1;;;;;;
";the-compund-gallery;";The Compund Gallery;;A short description of the initiative by its initiators will appear here shortly.;;132;;;;;ARA_Default_Banner_Thumb_Image-1;;";oakland-ca;";;;;;6604 SAN PABLO AVE. OAKLAND, CA 94608;37.8475657;-122.2870361;;;;director@thecompoundgallery.com;1;1;thecompoundgallery.com;;1;Coming Soon;;;;;;;;;;;;1;;;;;;
";kala-art-institute;";Kala Art Institute;;A short description of the initiative by its initiators will appear here shortly.;;133;;;;;ARA_Default_Banner_Thumb_Image-1;;";berkeley-ca;";;;;;2990 SAN PABLO AVE. BERKELEY, CA 94710;37.8531328;-122.2876739;;;;kala@kala.org;1;1;kala.org;;1;Coming Soon;;;;;;;;;;;;1;;;;;;
";interstitial;";Interstitial;;A short description of the initiative by its initiators will appear here shortly.;;134;;;;;ARA_Default_Banner_Thumb_Image-1;;";seattle-wa;";;;;;6007 12TH AVE. S. 3RD FLOOR, SEATLE, WA 98108;47.5490255;-122.3175853;;;;kburge@interstitialtheatre.com;1;1;interstitialtheatre.com;;1;Coming Soon;;;;;;;;;;;;1;;;;;;
";length-width-height;";Length Width Height;;A short description of the initiative by its initiators will appear here shortly.;;135;;;;;ARA_Default_Banner_Thumb_Image-1;;";seattle-wa;";;;;;6007 12TH AVE. S. SEATTLE, WA 98108;47.548885;-122.3176;;;;sharon@lengthbywidthbyheight.com;1;1;lengthbywidthbyheight.com;;1;Coming Soon;;;;;;;;;;;;1;;;;;;
";punch-gallery;";Punch Gallery;;A short description of the initiative by its initiators will appear here shortly.;;136;;;;;ARA_Default_Banner_Thumb_Image-1;;";seattle-wa;";;;;;119 PREFONTAINE PL. S. SEATTLE, WA 98104;47.6011054;-122.3295901;;;;art@punchgallery.org;1;1;punchgallery.org;;1;Coming Soon;;;;;;;;;;;;1;;;;;;
";soil;";Soil;;A short description of the initiative by its initiators will appear here shortly.;;137;;;;;ARA_Default_Banner_Thumb_Image-1;;";seattle-wa;";;;;;112 3RD AVE. S. SEATTLE, WA 98104;47.6012049;-122.3299997;;;;gallery@soilart.org;1;1;soilart.org;;1;Coming Soon;;;;;;;;;;;;1;;;;;;
";madart;";Madart;;A short description of the initiative by its initiators will appear here shortly.;;138;;;;;ARA_Default_Banner_Thumb_Image-1;;";seattle-wa;";;;;;325 WESTLAKE N. SEATTLE, WA 98109;47.6217094;-122.3388864;;;;info@madartseattle.com;1;1;madartseattle.com;;1;Coming Soon;;;;;;;;;;;;1;;;;;;
";formspace-atelier;";FormSpace Atelier;;A short description of the initiative by its initiators will appear here shortly.;;139;;;;;ARA_Default_Banner_Thumb_Image-1;;";seattle-wa;";;;;;98 CLAY ST. SEATTLE, WA 98121;47.6159941;-122.3516773;;;;info@formspaceatelier.com;1;1;formspaceatelier.com;;1;Coming Soon;;;;;;;;;;;;1;;;;;;
";artnot-terminal-gallery;";ArtNot Terminal Gallery;;A short description of the initiative by its initiators will appear here shortly.;;140;;;;;ARA_Default_Banner_Thumb_Image-1;;";seattle-wa;";;;;;2045 WESTLAKE AVE. SEATTLE, WA 98121;47.6227574;-122.3529702;;;;info@antgallery.org;1;1;antgallery.org;;1;Coming Soon;;;;;;;;;;;;1;;;;;;
";c2c-project-space;";C2C Project Space;;A short description of the initiative by its initiators will appear here shortly.;;141;;;;;ARA_Default_Banner_Thumb_Image-1;;";san-fransisco-ca;";;;;;1695 18TH ST. #413 SAN FRANCISCO, CA 94107;37.7620832;-122.3990138;;;;;1;1;c2cprojectspace.com;;1;Coming Soon;;;;;;;;;;;;1;;;;;;
";recology-san-francisco-artist-in-residence-program;";Recology San Francisco Artist In Residence Program;;A short description of the initiative by its initiators will appear here shortly.;;142;;;;;ARA_Default_Banner_Thumb_Image-1;;";san-fransisco-ca;";;;;;501 TUNNEL AVE. SAN FRANCISCO, CA 94134;37.7092198;-122.4011248;;;;art@recology.com;1;1;recology.com/air;;1;Coming Soon;;;;;;;;;;;;1;;;;;;
";second-story-gallery;";Second Story Gallery;;A short description of the initiative by its initiators will appear here shortly.;;143;;;;;ARA_Default_Banner_Thumb_Image-1;;";camas-wa;";;;;;624 NE 4TH AVE, CAMAS, WA 98607;45.587072;-122.402367;;;;secondstorygallery@gmail.com;1;1;secondstorygallery.org;;1;Coming Soon;;;;;;;;;;;;1;;;;;;
";intersection-for-the-arts;";Intersection For The Arts;;A short description of the initiative by its initiators will appear here shortly.;;144;;;;;ARA_Default_Banner_Thumb_Image-1;;";san-fransisco-ca;";;;;;446 VALENCIA ST. SAN FRANCISCO, CA 94103;37.7821498;-122.4065456;;;;randy@theintersection.org;1;1;theintersection.org;;1;Coming Soon;;;;;;;;;;;;1;;;;;;
";artreach;";Artreach;;A short description of the initiative by its initiators will appear here shortly.;;145;;;;;ARA_Default_Banner_Thumb_Image-1;;";san-fransisco-ca;";;;;;MOBILE, SAN FRANCISCO BAY AREA, CA;37.7853018;-122.4076349;;;;jill@artreachstudios.org;1;1;artreachstudios.org;;1;Coming Soon;;;;;;;;;;;;1;;;;;;
";galeria-de-la-raza;";Galeria De La Raza;;A short description of the initiative by its initiators will appear here shortly.;;146;;;;;ARA_Default_Banner_Thumb_Image-1;;";san-fransisco-ca;";;;;;2857 24 th st., San Francisco, 94110;37.7527956;-122.4093659;;;;info@galeriadelaraza.org;1;1;http://www.galeriadelaraza.org/;;1;Coming Soon;;;;;;;;;;;;1;;;;;;
";the-luggage-store;";The Luggage Store;;A short description of the initiative by its initiators will appear here shortly.;;147;;;;;ARA_Default_Banner_Thumb_Image-1;;";san-fransisco-ca;";;;;;1007 MARKET ST. SAN FRANCISCO, CA 94103;37.781855;-122.4103666;;;;darryl@luggagestoregallery.org;1;1;luggagestoregallery.org;;1;Coming Soon;;;;;;;;;;;;1;;;;;;
";san-fransisco-camera-work;";San Fransisco Camera Work;;A short description of the initiative by its initiators will appear here shortly.;;148;;;;;ARA_Default_Banner_Thumb_Image-1;;";san-fransisco-ca;";;;;;1011 MARKET ST. 2ND FLOOR, SAN FRANCISCO, CA 94103;37.7818116;-122.4104478;;;;info@sfcamerawork.org;1;1;sfcamerawork.org;;1;Coming Soon;;;;;;;;;;;;1;;;;;;
";southern-exposure;";Southern Exposure;;A short description of the initiative by its initiators will appear here shortly.;;149;;;;;ARA_Default_Banner_Thumb_Image-1;;";san-fransisco-ca;";;;;;3030 20TH ST. SAN FRANCISCO, CA 94110;37.759332;-122.411458;;;;programs@soex.org;1;1;soex.org;;1;Coming Soon;;;;;;;;;;;;1;;;;;;
";kadist-art-foundation;";Kadist Art Foundation;;A short description of the initiative by its initiators will appear here shortly.;;150;;;;;ARA_Default_Banner_Thumb_Image-1;;";san-fransisco-ca;";;;;;3295 20TH ST. SAN FRANCISCO, CA 94110;37.7588126;-122.4146057;;;;sanfrancisco@kadist.org;1;1;kadist.org;;1;Coming Soon;;;;;;;;;;;;1;;;;;;
";the-lab;";The Lab;;A short description of the initiative by its initiators will appear here shortly.;;151;;;;;ARA_Default_Banner_Thumb_Image-1;;";san-fransisco-ca;";;;;;2948 16TH ST. SAN FRANCISCO, CA 94103;37.765289;-122.418493;;;;TheLabSF@thelab.org;1;1;thelab.org;;1;Coming Soon;;;;;;;;;;;;1;;;;;;
";2nd-floor-projects;";2Nd Floor Projects;;A short description of the initiative by its initiators will appear here shortly.;;152;;;;;ARA_Default_Banner_Thumb_Image-1;;";san-fransisco-ca;";;;;;3740 25TH ST. #205 SAN FRANCISCO, CA 94110;37.7504887;-122.4235831;;;;projects2ndfloor@outlook.com;1;1;projects2ndfloor.blogspot.com;;1;Coming Soon;;;;;;;;;;;;1;;;;;;
";park-life-gallery;";Park Life Gallery;;A short description of the initiative by its initiators will appear here shortly.;;153;;;;;ARA_Default_Banner_Thumb_Image-1;;";san-fransisco-ca;";;;;;3049 22ND ST. SAN FRANCISCO, CA 94110;37.783202;-122.4616898;;;;info@parklifestore.com;1;1;parklifestore.com;;1;Coming Soon;;;;;;;;;;;;1;;;;;;
";headlands-center-for-the-arts;";Headlands Center For The Arts;;A short description of the initiative by its initiators will appear here shortly.;;154;;;;;ARA_Default_Banner_Thumb_Image-1;;";san-fransisco-ca;";;;;;944 FORT BARRY, SAN FRANCISCO, CA 94965;37.829678;-122.522424;;;;info@headlands.org;1;1;headlands.org;;1;Coming Soon;;;;;;;;;;;;1;;;;;;
";s1;";S1;;A short description of the initiative by its initiators will appear here shortly.;;155;;;;;ARA_Default_Banner_Thumb_Image-1;;";portland-or;";;;;;4148 NE HANCOCK ST. PORTLAND, OR 97212;45.5363914;-122.620401;;;;s1portlandinfo@gmail.com;1;1;s1portland.com;;1;Coming Soon;;;;;;;;;;;;1;;;;;;
";xhurch;";Xhurch;;A short description of the initiative by its initiators will appear here shortly.;;156;;;;;ARA_Default_Banner_Thumb_Image-1;;";portland-or;";;;;;4550 NE 20TH AVE. PORTLAND. OR 97211;45.5623984;-122.6451283;;;;info@xhurch.net;1;1;xhurch.net;;1;Coming Soon;;;;;;;;;;;;1;;;;;;
";signal-fire;";Signal Fire;;A short description of the initiative by its initiators will appear here shortly.;;157;;;;;ARA_Default_Banner_Thumb_Image-1;;";portland-or;";;;;;5205 NE 19TH AVE. PORTLAND, OR 97211;45.5604694;-122.6460242;;;;amy@signalfirearts.org;1;1;signalfirearts.org;;1;Coming Soon;;;;;;;;;;;;1;;;;;;
";worksound-international;";Worksound International;;A short description of the initiative by its initiators will appear here shortly.;;158;;;;;ARA_Default_Banner_Thumb_Image-1;;";portland-or;";;;;;820 SE ALDER ST. PORTLAND, OR 97227;45.5175905;-122.6570054;;;;;1;1;worksoundinternational.com;;1;Coming Soon;;;;;;;;;;;;1;;;;;;
";surplus-space;";Surplus Space;;A short description of the initiative by its initiators will appear here shortly.;;159;;;;;ARA_Default_Banner_Thumb_Image-1;;";portland-or;";;;;;3726 NE 7TH AVE. PORTLAND, OR 97212;45.5499099;-122.658335;;;;surplusspace@gmail.com;1;1;surplusspace.info;;1;Coming Soon;;;;;;;;;;;;1;;;;;;
";portland-museum-of-modern-art-pmoma;";Portland Museum Of Modern Art Pmoma;;A short description of the initiative by its initiators will appear here shortly.;;160;;;;;ARA_Default_Banner_Thumb_Image-1;;";portland-or;";;;;;5202 N. ALBINA AVE. PORTLAND, OR 97217;45.5605287;-122.674623;;;;info@pmoma.com;1;1;portlandmuseumofmodernart.com;;1;Coming Soon;;;;;;;;;;;;1;;;;;;
";melanie-flood-projects;";Melanie Flood Projects;;A short description of the initiative by its initiators will appear here shortly.;;161;;;;;ARA_Default_Banner_Thumb_Image-1;;";portland-or;";;;;;420 SW WASHINGTON ST. #301, PORTLAND, OR 97204;45.5198172;-122.6765543;;;;melaniefloodprojects@gmail.com;1;1;melaniefloodprojects.com;;1;Coming Soon;;;;;;;;;;;;1;;;;;;
";the-portland-pataphysical-society;";The Portland Pataphysical Society;;A short description of the initiative by its initiators will appear here shortly.;;162;;;;;ARA_Default_Banner_Thumb_Image-1;;";portland-or;";;;;;625 NW EVERETT #104, PORTLAND, OR 97209;45.5254011;-122.6771161;;;;info@patapdx.com;1;1;patapdx.tumblr.com;;1;Coming Soon;;;;;;;;;;;;1;;;;;;
";blue-sky-gallery;";Blue Sky Gallery;;A short description of the initiative by its initiators will appear here shortly.;;163;;;;;ARA_Default_Banner_Thumb_Image-1;;";portland-or;";;;;;122 NW 8TH ST. PORTLAND, OR 97209;45.5241687;-122.6782951;;;;bluesky@blueskygallery.org;1;1;blueskygallery.org;;1;Coming Soon;;;;;;;;;;;;1;;;;;;
12128;12128;;A short description of the initiative by its initiators will appear here shortly.;;164;;;;;ARA_Default_Banner_Thumb_Image-1;;";portland-or;";;;;;(Labrador) PORTLAND, OR 97231;45.5271128;-122.6844122;;;;12128boatspace@gmail.com;1;1;12128boatspace.com;;1;Coming Soon;;;;;;;;;;;;1;;;;;;
";disjecta;";Disjecta;;A short description of the initiative by its initiators will appear here shortly.;;165;;;;;ARA_Default_Banner_Thumb_Image-1;;";portland-or;";;;;;8371 N. INTERSTATE AVE. PORTLAND, OR 97217;45.5833337;-122.6858389;;;;info@disjecta.org;1;1;disjecta.org;;1;Coming Soon;;;;;;;;;;;;1;;;;;;
";c3initiative;";C3initiative;;A short description of the initiative by its initiators will appear here shortly.;;166;;;;;ARA_Default_Banner_Thumb_Image-1;;";portland-or;";;;;;7326 N. CHICAGO AVE. PORTLAND, OR 97203;45.5914048;-122.7566229;;;;info@c3initiative.org;1;1;c3initiative.org;;1;Coming Soon;;;;;;;;;;;;1;;;;;;
";vivo;";Vivo;;A short description of the initiative by its initiators will appear here shortly.;;167;;;;;ARA_Default_Banner_Thumb_Image-1;;";vancouver;";;;;;2625 Kaslo St Vancouver BC V5M3G9 CANADA;49.2610166;-123.0477876;;;;info@vivomediaarts.com;1;1;http://www.vivomediaarts.com/;;1;Coming Soon;;;;;;;;;;;;1;;;;;;
";grunt-gallery;";Grunt Gallery;;A short description of the initiative by its initiators will appear here shortly.;;168;;;;;ARA_Default_Banner_Thumb_Image-1;;";vancouver;";;;;;#116 - 350 East 2 Avenue, Vancouver, BC ;49.2668068;-123.097158;;;;info@grunt.ca;1;1;http://grunt.ca/;;1;Coming Soon;;;;;;;;;;;;1;;;;;;
";unit-pitt;";Unit Pitt;;A short description of the initiative by its initiators will appear here shortly.;;169;;;;;ARA_Default_Banner_Thumb_Image-1;;";vancouver;";;;;;236 East Pender Street, Vancouver BC V6A 1T7 Canada;49.280234;-123.0987623;;;;info@helenpittgallery.org;1;1;http://www.helenpittgallery.org/;;1;Coming Soon;;;;;;;;;;;;1;;;;;;
";unitpitt-projects;";UnitPitt Projects;;A short description of the initiative by its initiators will appear here shortly.;;170;;;;;ARA_Default_Banner_Thumb_Image-1;;";vancouver;";;;;;236 East Pender Street, Vancouver BC V6A 1T7;49.280271;-123.09877;;;;;1;1;http://www.helenpittgallery.org/;;1;Coming Soon;;;;;;;;;;;;1;;;;;;
";westren-front;";Westren Front;;A short description of the initiative by its initiators will appear here shortly.;;171;;;;;ARA_Default_Banner_Thumb_Image-1;;";vancouver;";;;;;303 East 8th Ave Vancouver, BC Canada V5T 1S1;49.2636712;-123.0988488;;;;admin@front.bc.ca;1;1;http://front.bc.ca/western-front/;;1;Coming Soon;;;;;;;;;;;;1;;;;;;
";221a;";221A;;A short description of the initiative by its initiators will appear here shortly.;;172;;;;;ARA_Default_Banner_Thumb_Image-1;;";vancouver;";;;;;100-221 E Georgia St, Vancouver BC;49.2786808;-123.0988811;;;;hello@221a.ca;1;1;http://221a.ca/;;1;Coming Soon;;;;;;;;;;;;1;;;;;;
";blim;";Blim;;A short description of the initiative by its initiators will appear here shortly.;;173;;;;;ARA_Default_Banner_Thumb_Image-1;;";vancouver;";;;;;115 Pender St. E, Vancouver, BC;49.2805263;-123.1016986;;;;info@blim.ca;1;1;http://blim.ca/;;1;Coming Soon;;;;;;;;;;;;1;;;;;;
";gam-gallery;";Gam Gallery;;A short description of the initiative by its initiators will appear here shortly.;;174;;;;;ARA_Default_Banner_Thumb_Image-1;;";vancouver;";;;;;110 E Hastings St (at Columbia St), Vancouver, BC;49.2813802;-123.1018345;;;;thegam@live.com;1;1;http://www.gamgallery.com/;;1;Coming Soon;;;;;;;;;;;;1;;;;;;
";gallery-gachet;";Gallery Gachet;;A short description of the initiative by its initiators will appear here shortly.;;175;;;;;ARA_Default_Banner_Thumb_Image-1;;";vancouver;";;;;;88 East Cordova Street Vancouver, BC V6A 1K3;49.2822511;-123.1026591;;;;communications@gachet.org;1;1;http://gachet.org/;;1;Coming Soon;;;;;;;;;;;;1;;;;;;
";galley-gachet;";Galley Gachet;;A short description of the initiative by its initiators will appear here shortly.;;176;;;;;ARA_Default_Banner_Thumb_Image-1;;";vancouver;";;;;;88 East Cordova Street, Vancouver;49.2822511;-123.1026591;;;;contact@gachet.org;1;1;http://gachet.org/;;1;Coming Soon;;;;;;;;;;;;1;;;;;;
";artspeak;";Artspeak;;A short description of the initiative by its initiators will appear here shortly.;;177;;;;;ARA_Default_Banner_Thumb_Image-1;;";vancouver;";;;;;233 Carrall Street, Vancouver, BC;49.2827748;-123.1044406;;;;info@artspeak.ca;1;1;http://artspeak.ca/;;1;Coming Soon;;;;;;;;;;;;1;;;;;;
";or-gallery;";Or Gallery;;A short description of the initiative by its initiators will appear here shortly.;;178;;;;;ARA_Default_Banner_Thumb_Image-1;;";vancouver;";;;;;555 Hamilton STREET Vancouver BC CANADA V6B 2R1;49.2814944;-123.1121403;;;;or@orgallery.org;1;1;http://www.orgallery.org/;;1;Coming Soon;;;;;;;;;;;;1;;;;;;
";art-threat;";Art Threat;;A short description of the initiative by its initiators will appear here shortly.;;179;;;;;ARA_Default_Banner_Thumb_Image-1;;";vancouver;";;;;;345-71 West 2nd Ave., Vancouver;49.2679762;-123.1123211;;;;editor@artthreat.net;1;1;http://artthreat.net/;;1;Coming Soon;;;;;;;;;;;;1;;;;;;
";malaspina-printmakers;";Malaspina Printmakers;;A short description of the initiative by its initiators will appear here shortly.;;180;;;;;ARA_Default_Banner_Thumb_Image-1;;";vancouver;";;;;;1555 Duranleau Street Avancouver BC V6H 3S3;49.2714343;-123.135838;;;;info@malaspinaprintmakers.com;1;1;http://www.malaspinaprintmakers.com/;;1;Coming Soon;;;;;;;;;;;;1;;;;;;
";signal;";Signal;;A short description of the initiative by its initiators will appear here shortly.;;181;;;;;ARA_Default_Banner_Thumb_Image-1;;";malmö;";;;;;Monbijougatan 17H , 211 53 Malmo ;55.5948358;13.0094827;;;;info@signalsignal.org;1;1;http://www.signalsignal.org/;;1;Coming Soon;;;;;;;;;;;;1;;;;;;
";cirkulations-center;";Cirkulations Center;;A short description of the initiative by its initiators will appear here shortly.;;182;;;;;ARA_Default_Banner_Thumb_Image-1;;";malmö;";;;;;Båstadsgatan 4, 214 33 Malmö;55.5952235;13.0236045;;;;atelje@cirkulationscentralen.com;1;1;http://www.cirkulationscentralen.com/;;1;Coming Soon;;;;;;;;;;;;1;;;;;;
";galleri-cc;";Galleri Cc;;A short description of the initiative by its initiators will appear here shortly.;;183;;;;;ARA_Default_Banner_Thumb_Image-1;;";malmö;";;;;;Båstadsgatan 4, 214 33 Malmö;55.5952195;13.0236219;;;;contact@gallericc.com;1;1;http://www.cirkulationscentralen.com/;;1;Coming Soon;;;;;;;;;;;;1;;;;;;
";galerie-5020;";Galerie 5020;;A short description of the initiative by its initiators will appear here shortly.;;184;;;;;ARA_Default_Banner_Thumb_Image-1;;";saulzburg;";;;;;Residenzplatz 10, 2.OG, 5020 Salzburg;47.7974149;13.0478315;;;;office@galerie5020.at;1;1;http://galerie5020.at/;;1;Coming Soon;;;;;;;;;;;;1;;;;;;
";periscope;";Periscope;;A short description of the initiative by its initiators will appear here shortly.;;185;;;;;ARA_Default_Banner_Thumb_Image-1;;";saulzburg;";;;;;Sterneckstraße 10, 5020 Salzburg;47.8084259;13.0520726;;;;periscope.office@gmail.com;1;1;http://www.periscope.at/;;1;Coming Soon;;;;;;;;;;;;1;;;;;;
";art-transponder;";Art Transponder;;A short description of the initiative by its initiators will appear here shortly.;;186;;;;;ARA_Default_Banner_Thumb_Image-1;;";berlin;";;;;;Schönwalder Strasse 30/1 10437 Berlin;52.54825;13.20131;;;;info@arttransponder.net;1;1;http://www.arttransponder.net/index.php?id=4&L=1;;1;Coming Soon;;;;;;;;;;;;1;;;;;;
";scotty-enterprises;";Scotty Enterprises;;A short description of the initiative by its initiators will appear here shortly.;;187;;;;;ARA_Default_Banner_Thumb_Image-1;;";berlin;";;;;;Oranienstr 46 d 109969 Berlin ;52.6104288;13.3196153;;;;mail@annettesonnewend.com;1;1;http://www.scottyenterprises.de/;;1;Coming Soon;;;;;;;;;;;;1;;;;;;
";between-bridges;";Between Bridges;;A short description of the initiative by its initiators will appear here shortly.;;188;;;;;ARA_Default_Banner_Thumb_Image-1;;";berlin;";;;;;Keithstrasse 15, 10787 Berlin ;52.5032855;13.3455428;;;;info@betweenbridges.net;1;1;http://www.betweenbridges.net/;;1;Coming Soon;;;;;;;;;;;;1;;;;;;
";kurt-kurt;";Kurt Kurt;;A short description of the initiative by its initiators will appear here shortly.;;189;;;;;ARA_Default_Banner_Thumb_Image-1;;";berlin;";;;;;Lübecker Straße 13, 10559 Berlin;52.5285257;13.3455704;;;;info@kurt-kurt.de;1;1;http://www.kurt-kurt.de/index.html;;1;Coming Soon;;;;;;;;;;;;1;;;;;;
";district;";District;;A short description of the initiative by its initiators will appear here shortly.;;190;;;;;ARA_Default_Banner_Thumb_Image-1;;";berlin;";;;;;Bessemerstraße 2-14, 12103 Berlin;52.4669474;13.36592;;;;post@district-berlin.com;1;1;http://www.district-berlin.com/current.php?categorie_id=24;;1;Coming Soon;;;;;;;;;;;;1;;;;;;
";display;";Display;;A short description of the initiative by its initiators will appear here shortly.;;191;;;;;ARA_Default_Banner_Thumb_Image-1;;";berlin;";;;;;Mansteinstr. 16, 10738 Berlin;52.4928248;13.3672146;;;;bonjour@display-berlin.com;1;1;http://www.display-berlin.com/;;1;Coming Soon;;;;;;;;;;;;1;;;;;;
";kinderhook-caracas;";Kinderhook Caracas;;A short description of the initiative by its initiators will appear here shortly.;;192;;;;;ARA_Default_Banner_Thumb_Image-1;;";berlin;";;;;;Kreuzbergstraße 42e, 10965 Berlin;52.4882606;13.374257;;;;info@kinderhook-caracas.com;1;1;http://www.kinderhook-caracas.com/;;1;Coming Soon;;;;;;;;;;;;1;;;;;;
";contemporary;";Contemporary;;A short description of the initiative by its initiators will appear here shortly.;;193;;;;;ARA_Default_Banner_Thumb_Image-1;;";berlin;";;;;;Potsdamerstraße 93, 10785 Berlin;52.5083488;13.3748488;;;;tsigmund@contemporaryand.com;1;1;adiallo@contemporaryand.com;;1;Coming Soon;;;;;;;;;;;;1;;;;;;
";project-space-uqbar;";Project Space Uqbar;;A short description of the initiative by its initiators will appear here shortly.;;194;;;;;ARA_Default_Banner_Thumb_Image-1;;";berlin;";;;;;Schwedenstr. 16, 13357 Berlin;52.5551018;13.3752283;;;;projectspace@uqbar-ev.de;1;1;http://www.projectspace.uqbar-ev.de/;;1;Coming Soon;;;;;;;;;;;;1;;;;;;
";schneeeule;";Schneeeule;;A short description of the initiative by its initiators will appear here shortly.;;195;;;;;ARA_Default_Banner_Thumb_Image-1;;";berlin;";;;;;Prinzenallee 80, 13357 Berlin;52.5542708;13.3830315;;;;mail@s-c-h-n-e-e-e-u-l-e.de;1;1;http://www.s-c-h-n-e-e-e-u-l-e.de/;;1;Coming Soon;;;;;;;;;;;;1;;;;;;
";top-palais;";Top Palais;;A short description of the initiative by its initiators will appear here shortly.;;196;;;;;ARA_Default_Banner_Thumb_Image-1;;";berlin;";;;;;Stockholmerstr. 30 13359 Berlin;52.5602921;13.3837573;;;;top@top-ev.de;1;1;http://top-ev.de/;;1;Coming Soon;;;;;;;;;;;;1;;;;;;
";non-berlin;";Non Berlin;;A short description of the initiative by its initiators will appear here shortly.;;197;;;;;ARA_Default_Banner_Thumb_Image-1;;";berlin;";;;;;Chausseestr.11 / Entrance Tieckstr. 10115 Berlin;52.5286712;13.3857;;;;info@nonberlin.com;1;1;http://www.nonberlin.com/;;1;Coming Soon;;;;;;;;;;;;1;;;;;;
";art-laboratory-berlin;";Art Laboratory Berlin;;A short description of the initiative by its initiators will appear here shortly.;;198;;;;;ARA_Default_Banner_Thumb_Image-1;;";berlin;";;;;;Prinzenallee 34, 13359 Berlin;52.5580557;13.3858892;;;;info@artlaboratory-berlin.org;1;1;http://artlaboratory-berlin.org/;;1;Coming Soon;;;;;;;;;;;;1;;;;;;
";larry-berlin;";Larry Berlin;;A short description of the initiative by its initiators will appear here shortly.;;199;;;;;ARA_Default_Banner_Thumb_Image-1;;";berlin;";;;;;Chauseestrasse 131, 10115 Berlin-Mitte;52.52732;13.38607;;;;mail@larryberlin.de;1;1;http://www.larryberlin.de/;;1;Coming Soon;;;;;;;;;;;;1;;;;;;
";gruentaler-9;";Gruentaler 9;;A short description of the initiative by its initiators will appear here shortly.;;200;;;;;ARA_Default_Banner_Thumb_Image-1;;";berlin;";;;;;Grüntaler Str. 9, 13357 Berlin;52.5519122;13.3867788;;;;info@gruentaler9.com;1;1;http://www.gruentaler9.com/;;1;Coming Soon;;;;;;;;;;;;1;;;;;;
";kunsthauskule;";Kunsthauskule;;A short description of the initiative by its initiators will appear here shortly.;;201;;;;;ARA_Default_Banner_Thumb_Image-1;;";berlin;";;;;;Auguststraße 10, 10117 Berlin;52.52644;13.39412;;;;info@kunsthauskule.de;1;1;http://www.kunsthauskule.de/;;1;Coming Soon;;;;;;;;;;;;1;;;;;;
";subtitut-berlin;";Subtitut Berlin;;A short description of the initiative by its initiators will appear here shortly.;;202;;;;;ARA_Default_Banner_Thumb_Image-1;;";berlin;";;;;;Torstrasse 159, 10115 Berlin;52.52946;13.39633;;;;info@substitut-berlin.ch;1;1;http://www.substitut-berlin.ch/;;1;Coming Soon;;;;;;;;;;;;1;;;;;;
";circle-culture;";Circle Culture;;;;203;;;;;;;";berlin;";;;;;Gipsstraße 11, 10119 Berlin;52.5267122;13.4011946;;;;berlin@circleculture.com;;;http://circleculture-gallery.com/;;;;;;;;;;;;;;;;;;;;;
";f-i-t;";F-I-T;;;;204;;;;;;;";berlin;";;;;;Schwedter Straße 261, 10119 Berlin;52.5334127;13.409872;;;;;;;http://www.f-i-t.org/;;;;;;;;;;;;;;;;;;;;;
";tacho-kreuzberg;";Tacho Kreuzberg;;;;205;;;;;;;";berlin;";;;;;Am Wassertorplatz, 10999 Berlin;52.4989058;13.4126349;;;;info@tacho-kreuzberg.de;;;http://www.tacho-kreuzberg.de/;;;;;;;;;;;;;;;;;;;;;
";kreuzberg-pavillon;";Kreuzberg Pavillon;;;;206;;;;;;;";berlin;";;;;;Naunynstrasse 53 10999 Berlin;52.50231;13.41814;;;;info@kreuzbergpavillon.de;;;http://kreuzbergpavillon.tumblr.com/;;;;;;;;;;;;;;;;;;;;;
";sox-berlin;";Sox Berlin;;;;207;;;;;;;";berlin;";;;;;Oranienstr. 175, D-10999 Berlin;52.50109;13.41857;;;;soxberlin@gmail.com;;;http://www.sox-berlin.com/;;;;;;;;;;;;;;;;;;;;;
";ngbk;";Ngbk;;;;208;;;;;;;";berlin;";;;;;Oranienstrace 25 10999 Berlin ;52.5010652;13.4206563;;;;ngbk@ngbk.de;;;http://ngbk.de/development/index.php?lang=de;;;;;;;;;;;;;;;;;;;;;
";exp12;";Exp12;;;;209;;;;;;;";berlin;";;;;;Greifswalder Strace 217 10405 Berlin;52.5311597;13.4269943;;;;news@exp12.com;;;http://www.exp12.com/;;;;;;;;;;;;;;;;;;;;;
";centrum;";Centrum;;;;210;;;;;;;";berlin;";;;;;Reuterstr. 7, 12053 Berlin;52.4818446;13.4295854;;;;info@centrumberlin.com;;;http://www.centrumberlin.com/;;;;;;;;;;;;;;;;;;;;;
";santa-lucia;";Santa Lucia;;;;211;;;;;;;";berlin;";;;;;Lübbener Straße 22, 10997 Berlin;52.49936;13.43664;;;;;;;http://santa-lucia.gallery/;;;;;;;;;;;;;;;;;;;;;
";lage-egal;";Lage Egal;;;;212;;;;;;;";berlin;";;;;;DANZIGER STR. 145, 10407 BERLIN, GERMANY;52.5348;13.43686;;;;off-space@lage-egal.de;;;http://www.lage-egal.de/;;;;;;;;;;;;;;;;;;;;;
";la-plaque-tournante;";La Plaque Tournante;;;;213;;;;;;;";berlin;";;;;;SONNENALLEE 99, BERLIN;52.4823969;13.4395696;;;;info@laplaquetournante.org;;;http://www.laplaquetournante.org/;;;;;;;;;;;;;;;;;;;;;
";kn;";Kn;;;;214;;;;;;;";berlin;";;;;;Skalitzer Str. 68, 10997 Berlin;52.5002607;13.439685;;;;info@kn-context.com;;;http://kn-context.com/;;;;;;;;;;;;;;;;;;;;;
";frankfurt-am-main;";Frankfurt Am Main;;;;215;;;;;;;";berlin;";;;;;Wildenbruchstraße 15, 12045 Berlin;52.48525;13.44521;;;;info@frankfurt-am.com;;;http://www.frankfurt-am.com/;;;;;;;;;;;;;;;;;;;;;
";apartment-project;";Apartment Project;;;;216;;;;;;;";berlin;";;;;;Hertzbergstr. 13, 12055 Neukölln, Berlin;52.4770095;13.4480586;;;;seldaasal@gmail.com;;;http://berlin.apartmentproject.org/;;;;;;;;;;;;;;;;;;;;;
";labor-neunzehn;";Labor Neunzehn;;;;217;;;;;;;";berlin;";;;;;Kiefholzstr.19 12435 D-Berlin;52.49083;13.45096;;;;;;;http://www.laborneunzehn.org/;;;;;;;;;;;;;;;;;;;;;
";z-qm;";Z Qm;;;;218;;;;;;;";berlin;";;;;;Petersburger Straße 73 D - 10249 Berlin;52.5196556;13.4528209;;;;info@zqmberlin.org;;;http://www.20qmberlin.com/;;;;;;;;;;;;;;;;;;;;;
";raumerweiterungshalle;";Raumerweiterungshalle;;;;219;;;;;;;";berlin;";;;;;Markgrafendamm 24c, 10245 Berlin-Friedrichshain;52.5019954;13.4657031;;;;selbstuniversitaet@gmail.com;;;http://www.raumerweiterungshalle.net/;;;;;;;;;;;;;;;;;;;;;
";mp43;";Mp43;;;;220;;;;;;;";berlin;";;;;;Kastanienboulevard (Stollberger Str. 73 / 12627 Berlin);52.5335;13.60268;;;;mp43@carola-ruemper.eu;;;http://www.mp43.culturebase.org/;;;;;;;;;;;;;;;;;;;;;
";vasista-space;";Vasista Space;;;;221;;;;;;;";dresden;";;;;;Jagdweg 1-3, 01159 Dresden;51.0464308;13.7159497;;;;hello@vasistas-magazine.com;;;https://vasistas-magazine.com/;;;;;;;;;;;;;;;;;;;;;
";ex14-dr-space;";Ex14-Dr Space;;;;222;;;;;;;";dresden;";;;;;;51.0504088;13.7372621;;;;;;;http://ex14-dresden.blogspot.co.il/;;;;;;;;;;;;;;;;;;;;;
";bautzner69;";Bautzner69;;;;223;;;;;;;";dresden;";;;;;Bautzner straße 69, 01099 Dresden-Neustadt ;51.063612;13.758394;;;;;;;http://www.bautzner69.de/;;;;;;;;;;;;;;;;;;;;;
";watch-this-space;";Watch This Space;;;;224;;;;;;;";alice-springs;";;;;;4/9 George Crescent, Alice Springs NT 0870;-23.7000577;133.8741051;;;;wts@wts.org.au;;;http://wts.org.au/;;;;;;;;;;;;;;;;;;;;;
";cas-contemporary-art-and-spirit;";Cas Contemporary Art And Spirit;;;;225;;;;;;;";osaka; ";;;;;Kaigan-dori 2-7-23 Minato-ku Osaka, Japan 552-0022;34.6510406;135.4381111;;;;info@caso-gallery.jp;;;http://www.caso-gallery.jp/;;;;;;;;;;;;;;;;;;;;;
";cas;";Cas;;;;226;;;;;;;";osaka;";;;;;Japan, 〒556-0016 大阪府大阪市浪速区Naniwa-ku Motomachi, 1 Chome−２;34.6639799;135.4963804;;;;;;;http://cas.or.jp/index.shtml;;;;;;;;;;;;;;;;;;;;;
";ongoing;";Ongoing;;;;227;;;;;;;";tokyo; ";;;;;〒180-0002, Kichijoji Higashicho, 1 Chome−８−, Tokyo;35.7083691;139.5826924;;;;;;;http://www.ongoing.jp/en/company/contact/index.php;;;;;;;;;;;;;;;;;;;;;
";3331-arts-chiyoda;";3331 Arts Chiyoda;;;;228;;;;;;;";tokyo;";;;;;6-11-14 Sotokanda Chiyoda-Ku Tokyo 101-0021;35.7042131;139.7708327;;;;info@3331.jp;;;http://www.3331.jp/en/;;;;;;;;;;;;;;;;;;;;;
";mota-museum-of-transitory-art;";Mota - Museum Of Transitory Art;;;;229;;;;;;;";ljubljana;";;;;;Celovška 42b SI-1000 Ljubljana;46.0622053;14.496116;;;;mota.museum@gmail.com;;;http://www.motamuseum.com/;;;;;;;;;;;;;;;;;;;;;
";vast-yonder;";Vast Yonder;;;;230;;;;;;;";yarraville;";;;;;2/290 Whitehall st, Yarraville, Victoria 3013;-37.8200626;144.8984769;;;;hello@vastyonder.com;;;http://www.vastyonder.com/;;;;;;;;;;;;;;;;;;;;;
";neon-park;";Neon Park;;;;231;;;;;;;";melbourne;";;;;;15 Tinning Street, Brunswick 3056;-37.759635;144.962259;;;;info@neonparc.com.au;;;http://www.neonparc.com.au/;;;;;;;;;;;;;;;;;;;;;
";blinside;";Blinside;;;;232;;;;;;;";melbourne;";;;;;Room 14, Level 7, 37 Swanston Street, Melbourne, VIC, 3000;-37.8166672;144.966994;;;;info@blindside.org.au;;;http://www.blindside.org.au/;;;;;;;;;;;;;;;;;;;;;
";gertrude-contemporary;";Gertrude Contemporary;;;;233;;;;;;;";melbourne;";;;;;200 Gertrude Street, Fitzroy;-37.80634;144.9812365;;;;info@gertrude.org.au;;;http://www.gertrude.org.au/;;;;;;;;;;;;;;;;;;;;;
";the-upholstery;";The Upholstery;;;;234;;;;;;;";cairns;";;;;;P.O. Box 691 Edge Hill, Cairns QLD 4870;-16.9007276;145.738391;;;;wally@theupholstery.com;;;http://www.theupholstery.com/;;;;;;;;;;;;;;;;;;;;;
";arthouse;";Arthouse;;;;235;;;;;;;";cairns;";;;;;240 Scott St, Cairns, Queensland, Australia 4870;-16.9413863;145.7500385;;;;;;;https://www.facebook.com/arthousecairns/;;;;;;;;;;;;;;;;;;;;;
";create-59;";Create 59;;;;236;;;;;;;";cairns;";;;;;59 Sheridan St | Cairns, QLD, 4870;-16.9230567;145.7726163;;;;mail@crate59.com;;;http://www.crate59.com/;;;;;;;;;;;;;;;;;;;;;
";ink-masters;";Ink Masters;;;;237;;;;;;;";cairns;";;;;;P.O. Box 7792, Cairns, Australia 4870.;-16.9179558;145.7743625;;;;inkmasters.cairns@hotmail.com;;;http://www.inkmasterscairns.com.au/;;;;;;;;;;;;;;;;;;;;;
";artist-at-work;";Artist At Work;;;;238;;;;;;;";cairns;";;;;;Rusty's market, Cairnes;-16.9242859;145.775214;;;;;;;https://www.facebook.com/artistsatworkcairns/;;;;;;;;;;;;;;;;;;;;;
";trolley-studio;";Trolley Studio;;;;239;;;;;;;";cairns;";;;;;Shop 9, 58 Norman St, Gordonvale, Queensland;-17.0919572;145.7860001;;;;trolleystudio@gmail.com;;;http://www.trolleystudio.net/;;;;;;;;;;;;;;;;;;;;;
";the-cad-factory;";The Cad Factory;;;;240;;;;;;;";riverina;";;;;;Narrandera Arts Centre, 31 Cadell St, Narrandera;-34.7452725;146.5504004;;;;vic@cadfactory.com.au;;;http://www.cadfactory.com.au/;;;;;;;;;;;;;;;;;;;;;
";the-drill-hall;";The Drill Hall;;;;241;;;;;;;";townsville;";;;;;27 Mitchell St, North Ward QLD;-19.2526573;146.8159387;;;;sue@thedrillhallstudio.com.au;;;http://www.thedrillhallstudio.com.au/;;;;;;;;;;;;;;;;;;;;;
";m16;";M16;;;;242;;;;;;;";canberra;";;;;;21 Blaxland Crescent Griffith ACT 2603, PO Box 4878 Kingston 2604;-35.3249754;149.142756;;;;director@m16artspace.com;;;http://www.m16artspace.com.au/;;;;;;;;;;;;;;;;;;;;;
";our-north-contemporary-art-house;";Our North Contemporary Art House;;;;243;;;;;;;";anchorage-ak;";;;;;3800 DEBARR RD. ANCHORAGE, AK 99508;61.209383;-149.809683;;;;outnorth@gmail.com;;;outnorth.org;;;;;;;;;;;;;;;;;;;;;
";cementa-17;";Cementa 17;;;;244;;;;;;;";kandos;";;;;;18 Angus Ave, Kandos, New South Wales 2848;-32.859103;149.973671;;;;info@cementa.com.au;;;http://cementa.com.au/;;;;;;;;;;;;;;;;;;;;;
";kunsthalle-graz-verein-fur-zeitgenossische-kunst;";Kunsthalle Graz - Verein Fur Zeitgenossische Kunst;;;;245;;;;;;;";graz;";;;;;Conrad von Hötzendorf Straße 42 a, 8010 Graz;47.0600568;15.4441216;;;;office@kunsthallegraz.at;;;http://kunsthallegraz.at/;;;;;;;;;;;;;;;;;;;;;
";bigci;";Bigci;;;;246;;;;;;;";blue-mountains;";;;;;Blue Mountains;-33.7322586;150.4428323;;;;sculptor@raebolotin.com;;;https://bigci.org/;;;;;;;;;;;;;;;;;;;;;
";articulate;";Articulate;;;;247;;;;;;;";sydney;";;;;;497 Parramatta Rd, Leichhardt. NSW, 2040. Australia;-33.8885825;151.153968;;;;etalucitra@gmail.com;;;http://articulate497.blogspot.co.il/;;;;;;;;;;;;;;;;;;;;;
";marrickville-garage;";Marrickville Garage;;;;248;;;;;;;";sydney;";;;;;28 Leofrene Ave, Marrickville, NSW 2204;-33.9150597;151.155082;;;;Marrickville.Garage@gmail.com;;;https://marrickvillegarage.com/;;;;;;;;;;;;;;;;;;;;;
";air-space-projects;";Air Space Projects;;;;249;;;;;;;";sydney;";;;;;10 Junction Street, Marrickville;-33.9174771;151.1564111;;;;sally@airspaceprojects.com;;;https://airspaceprojects.com/;;;;;;;;;;;;;;;;;;;;;
";sno;";Sno;;;;250;;;;;;;";sydney;";;;;;LEVEL 1, 175 MARRICKVILLE ROAD, SYDNEY, NSW 2204;-33.9113504;151.1586493;;;;info@sno.org.au;;;http://www.sno.org.au/;;;;;;;;;;;;;;;;;;;;;
";es-projects;";Es Projects;;;;251;;;;;;;";sydney;";;;;;Stirrup Gallery, 142 Addison Rd Marrickville ;-33.9021618;151.1626115;;;;info@esprojects.com.au;;;http://www.esprojects.com.au/;;;;;;;;;;;;;;;;;;;;;
";factory-49;";Factory 49;;;;252;;;;;;;";sydney;";;;;;49 Shepherd St, Marrickville NSW 2204;-33.9043956;151.1635784;;;;factory49@optusnet.com.au;;;http://factory49.blogspot.co.il/;;;;;;;;;;;;;;;;;;;;;
";the-red-sttler;";The Red Sttler;;;;253;;;;;;;";sydney;";;;;;6 Faversham St. Marrickville NSW 2204;-33.9099446;151.1636612;;;;enquiries@redrattler.org;;;http://www.redrattler.org/;;;;;;;;;;;;;;;;;;;;;
";55-syd;";55 Syd;;;;254;;;;;;;";sydney;";;;;;55 Sydenham Rd Marrickville NSW 2204 AU;-33.9121712;151.1658937;;;;contact@55sydenhamrd.com;;;http://www.55sydenhamrd.com/;;;;;;;;;;;;;;;;;;;;;
";tortuga-studios;";Tortuga Studios;;;;255;;;;;;;";sydney;";;;;;31 Princes Hwy, St Peters NSW 2044;-33.9097228;151.1803029;;;;tortugastudiosinc@gmail.com;;;http://www.tortugastudios.org.au/;;;;;;;;;;;;;;;;;;;;;
";clay-workers;";Clay Workers;;;;256;;;;;;;";sydney;";;;;;49 -51 King St Newtown;-33.8922593;151.1861561;;;;info@clayworkers.com.au;;;http://clayworkers.com.au/;;;;;;;;;;;;;;;;;;;;;
";interlude-gallery;";Interlude Gallery;;;;257;;;;;;;";sydney;";;;;;Shop 11/131-145 Glebe Point Road, Sydney Glebe, NSW 2037;-33.8815499;151.1893228;;;;proposals@interludegallery.com;;;http://www.interludegallery.com/;;;;;;;;;;;;;;;;;;;;;
";mop;";Mop;;;;258;;;;;;;";sydney;";;;;;2/39 Abercrombie St, Chippendale, Sydney, NSW 2008;-33.8859704;151.1985261;;;;mop@mop.org.au;;;http://mop.org.au/;;;;;;;;;;;;;;;;;;;;;
";wellington-st-projects;";Wellington St. Projects;;;;259;;;;;;;";sydney;";;;;;19-23 Wellington St Chippendale NSW 2008;-33.8866341;151.200981;;;;info@wellingtonstprojects.com;;;https://wellingtonstprojects.com/;;;;;;;;;;;;;;;;;;;;;
";107-projects;";107 Projects;;;;260;;;;;;;";sydney;";;;;;107 Redfern St, Redfern NSW 2016;-33.8930205;151.2030753;;;;creativeprogram@107projects.org;;;http://107projects.org/;;;;;;;;;;;;;;;;;;;;;
";mills-gallery;";Mills Gallery;;;;261;;;;;;;";sydney;";;;;;15 Randle st, Surry Hills;-33.8852081;151.2075487;;;;;;;http://www.milsgallery.com/;;;;;;;;;;;;;;;;;;;;;
";china-heights;";China Heights;;;;262;;;;;;;";sydney;";;;;;3, 16-28 Foster St, Surry Hills 2010, AU;-33.8799057;151.2103612;;;;gallery@chinaheights.com;;;http://chinaheights.com/;;;;;;;;;;;;;;;;;;;;;
";underbelly-arts;";Underbelly Arts;;;;263;;;;;;;";sydney;";;;;;1 Esther Lane, Surry Hills, NSW 2010;-33.8888988;151.2138781;;;;roslyn@underbellyarts.com.au;;;http://underbellyarts.com.au/;;;;;;;;;;;;;;;;;;;;;
";blank-space-gallery;";Blank Space Gallery;;;;264;;;;;;;";sydney;";;;;;374 Crown St Surry Hills Sydney Australia;-33.8831731;151.2146676;;;;info@blankspace.com.au;;;http://www.blankspace.com.au/;;;;;;;;;;;;;;;;;;;;;
";first-draft;";First Draft;;;;265;;;;;;;";sydney;";;;;;13-17 riley st, woolloomooloo nsw 2011;-33.8726451;151.215562;;;;info@firstdraft.org.au;;;http://firstdraft.org.au/;;;;;;;;;;;;;;;;;;;;;
";stacks-projects;";Stacks Projects;;;;266;;;;;;;";sydney;";;;;;​191 Victoria Rd, Potts Point, NSW, 2011;-33.8735759;151.2222034;;;;stacksprojectsinc@gmail.com;;;http://www.stacksprojects.com/;;;;;;;;;;;;;;;;;;;;;
";minerva;";Minerva;;;;267;;;;;;;";sydney;";;;;;Minerva, 4/111 Macleay Street, Potts Point, Sydney, NSW 2011;-33.872032;151.2248631;;;;gallery@minervasydney.com;;;http://www.minervasydney.com/;;;;;;;;;;;;;;;;;;;;;
";alaska-projects;";Alaska Projects;;;;268;;;;;;;";sydney;";;;;;9A Elizabeth Bay Rd Elizabeth Bay King Kross;-33.8731993;151.2264627;;;;contact@alaskaprojects.com;;;http://home.alaskaprojects.com/;;;;;;;;;;;;;;;;;;;;;
";wired-lab;";Wired Lab;;;;269;;;;;;;";sydney;";;;;;PO Box 311, Cootamundra, NSW 2059;-33.7693353;151.253821;;;;info@wiredlab.org;;;http://wiredlab.org/;;;;;;;;;;;;;;;;;;;;;
";art-studios-cooperative;";Art Studios Cooperative;;;;270;;;;;;;";gosford;";;;;;391 Mann St North Gosford NSW AUSTRALIA 2250;-33.4157499;151.3444881;;;;artstudioscooperative@gmail.com;;;http://www.artstudioscooperative.org/;;;;;;;;;;;;;;;;;;;;;
";bomalli;";Bomalli;;;;271;;;;;;;";sydney;";;;;;55 - 59 Flood Street, LEICHHARDT NSW AUSTRALIA, PO Box 176 Westgate, NSW, 2048;-33.4157499;151.3444881;;;;boomalliartgallery@gmail.com;;;http://www.boomalli.com.au/;;;;;;;;;;;;;;;;;;;;;
";renew-newcastle;";Renew Newcastle;;;;272;;;;;;;";newcastle;";;;;;Suite 50, Level 1, 164-170 Hunter St Newcastle, PO Box 1746 Newcastle NSW 2300 Australia;-33.4157499;151.3444881;;;;christopher@renewnewcastle.org;;;http://renewnewcastle.org/projects/project/the-stage/;;;;;;;;;;;;;;;;;;;;;
";newcastle-art-space;";Newcastle Art Space;;;;273;;;;;;;";newcastle;";;;;;246 Parry St, HAMILTON EAST 2303;-32.9233086;151.752993;;;;nasdirector@ncac.org.au;;;http://newcastleartspace.blogspot.co.il/;;;;;;;;;;;;;;;;;;;;;
";gallery-61;";Gallery 61;;;;274;;;;;;;";newcastle;";;;;;301 Hunter St, Newcastle NSW 2300;-32.9269102;151.7753036;;;;gallery61revisited@gmail.com;;;https://www.gallery61revisited.com.au/;;;;;;;;;;;;;;;;;;;;;
";the-lock-up;";The Lock Up;;;;275;;;;;;;";newcastle;";;;;;90 Hunter Street, Newcastle NSW 2300;-32.9274809;151.78389;;;;;;;http://www.thelockup.org.au/;;;;;;;;;;;;;;;;;;;;;
";reflex;";Reflex;;;;276;;;;;;;";toowoomba;";;;;;Russell Street, Toowoomba, Queensland;-27.558407;151.9492358;;;;reflexprojects@outlook.com;;;https://reflexprojects.org/;;;;;;;;;;;;;;;;;;;;;
";no-comply;";No Comply;;;;277;;;;;;;";toowoomba;";;;;;Toowoomba;-27.5598212;151.9506696;;;;;;;http://nocomplygallery.tumblr.com/;;;;;;;;;;;;;;;;;;;;;
";raygun-projects;";Raygun Projects;;;;278;;;;;;;";toowoomba;";;;;;PO BOX 2796, TOOWOOMBA, AUSTRALIA, 4350;-27.5598212;151.9506696;;;;raygun@raygunlab.com;;;https://raygunlab.com/;;;;;;;;;;;;;;;;;;;;;
";the-brisbane-collective;";The Brisbane Collective;;;;279;;;;;;;";brisbane;";;;;;;-27.4697707;153.0251235;;;;;;;http://www.thebrisbanecollective.com/;;;;;;;;;;;;;;;;;;;;;
";bari;";Bari;;;;280;;;;;;;";brisbane;";;;;;;-27.4697707;153.0251235;;;;info@bari.com.au;;;http://www.bari.com.au/;;;;;;;;;;;;;;;;;;;;;
";remix;";Remix;;;;281;;;;;;;";brisbane;";;;;;Queensland;-27.4697707;153.0251235;;;;info@remix.org.au;;;http://remix.org.au/;;;;;;;;;;;;;;;;;;;;;
";in-residence;";In Residence;;;;282;;;;;;;";brisbane;";;;;;Brisbane;-27.4697707;153.0251235;;;;inresidenceari@gmail.com;;;http://inresidence-ari.com/;;;;;;;;;;;;;;;;;;;;;
";bleach-tapes;";Bleach Tapes;;;;283;;;;;;;";brisbane;";;;;;;-27.4697707;153.0251235;;;;mika@bleachtapes.com;;;http://bleachtapes.com/;;;;;;;;;;;;;;;;;;;;;
";busy-brick;";Busy Brick;;;;284;;;;;;;";brisbane;";;;;;Brisbane;-27.4697707;153.0251235;;;;;;;https://www.facebook.com/BUSYBRICKARI/;;;;;;;;;;;;;;;;;;;;;
";clutch;";Clutch;;;;285;;;;;;;";brisbane;";;;;;;-27.4697707;153.0251235;;;;clutchcollective@outlook.com;;;http://clutchcollective.org/;;;;;;;;;;;;;;;;;;;;;
";cut-thumb;";Cut Thumb;;;;286;;;;;;;";brisbane;";;;;;109 Edward St, Brisbane City QLD 4001;-27.4700043;153.0289078;;;;cutthumb@outlook.com;;;http://www.cutthumb.org/;;;;;;;;;;;;;;;;;;;;;
";level;";Level;;;;287;;;;;;;";brisbane;";;;;;The Basement, 109 Edward Street, Brisbane;-27.4700043;153.0289078;;;;info@courtneycoombs.com;;;https://levelari.wordpress.com/;;;;;;;;;;;;;;;;;;;;;
";jugglers;";Jugglers;;;;288;;;;;;;";brisbane;";;;;;103 Brunswick Street, Fortitude Valley QLD 4006;-27.4547528;153.0302803;;;;info@jugglers.org.au;;;http://www.jugglers.org.au/;;;;;;;;;;;;;;;;;;;;;
";aggregate;";Aggregate;;;;289;;;;;;;";brisbane;";;;;;47 Amelia St - Fortitude Valley QLD 4006;-27.454521;153.031469;;;;zoe@zoe-knight.com;;;http://aggregateprojects.weebly.com/;;;;;;;;;;;;;;;;;;;;;
";analogue-gallery;";Analogue Gallery;;;;290;;;;;;;";brisbane;";;;;;259 Brunswick St, Fortitude Valley;-27.4573858;153.033419;;;;hello@analoguegallery.com.au;;;http://analoguegallery.com.au/;;;;;;;;;;;;;;;;;;;;;
";maap;";Maap;;;;291;;;;;;;";brisbane;";;;;;111 Constance Street, Fortitude Valley, Queensland Australia;-27.4549944;153.0352623;;;;info@maap.org.au;;;http://www.maap.org.au/;;;;;;;;;;;;;;;;;;;;;
";fake-estate;";Fake Estate;;;;292;;;;;;;";brisbane;";;;;;41 latrobe street, east brisbane, queensland;-27.4812523;153.0438986;;;;info@fake-estate.com;;;http://www.fake-estate.com/;;;;;;;;;;;;;;;;;;;;;
";the-laundry-art-space;";The Laundry Art Space;;;;293;;;;;;;";brisbane;";;;;;3 Ashfield St, East Brisbane, QLD, 4169;-27.4840434;153.0488188;;;;thelaundryartspace@gmail.com;;;https://thelaundryartspace.com/;;;;;;;;;;;;;;;;;;;;;
";the-walls;";The Walls;;;;294;;;;;;;";gold-coast;";;;;;4/18 Mountain View Avenue MIAMI 4220, GOLD COAST QUEENSLAND AUSTRALIA;-28.0759085;153.4450486;;;;mail@thewalls.com.au;;;http://thewalls.org.au/;;;;;;;;;;;;;;;;;;;;;
";verkstad-konsthall;";Verkstad Konsthall;;;;295;;;;;;;";norrköping;";;;;;Dalsgatan 8 A, 602 32 Norrköping;58.5864497;16.1848635;;;;verkstadkonst@gmail.com;;;http://www.verkstadkonst.se/;;;;;;;;;;;;;;;;;;;;;
";hinterland;";Hinterland;;;;296;;;;;;;";vienna;";;;;;Krongasse 20, 1050 Vienna;48.1931749;16.361654;;;;art@hinterland.ag;;;http://art.hinterland.ag/;;;;;;;;;;;;;;;;;;;;;
";vesch;";Vesch;;;;297;;;;;;;";vienna;";;;;;Schikanedergasse 11, A-1040 Wien;48.1975007;16.3633397;;;;bureau@vesch.org;;;http://www.vesch.org/;;;;;;;;;;;;;;;;;;;;;
";saprophyt;";Saprophyt;;;;298;;;;;;;";vienna;";;;;;Vienna Austria;48.2081743;16.3738189;;;;all@saprophyt.net;;;http://www.saprophyt.net/;;;;;;;;;;;;;;;;;;;;;
";form-content;";Form Content;;;;299;;;;;;;";vienna;";;;;;Vally Weigl Gasse 2/1/38 1100 Vienna;48.1806091;16.3814825;;;;info@formcontent.org;;;http://formcontent.org/;;;;;;;;;;;;;;;;;;;;;
";bildetage;";Bildetage;;;;300;;;;;;;";vienna;";;;;;Barichgasse 6/1, 1030 Wien;48.1976416;16.3940516;;;;info@bildetage.com;;;http://www.bildetage.com/;;;;;;;;;;;;;;;;;;;;;
";galeria-raczej;";Galeria Raczej;;;;301;;;;;;;";poznan;";;;;;Perfex, ul. Glogowska 29, Poznan;52.3976736;16.9028405;;;;galeria.raczej@gmail.com;;;https://galeriaraczej.wordpress.com/;;;;;;;;;;;;;;;;;;;;;
";kottinspektionen;";Kottinspektionen;;;;302;;;;;;;";uppsala;";;;;;Strandbodgatan 3, 753 23 Uppsala;59.853464;17.6496518;;;;kottinspektionen@gmail.com;;;http://www.kottinspektionen.org/;;;;;;;;;;;;;;;;;;;;;
";the-blue-oyster;";The Blue Oyster;;;;303;;;;;;;";dunedin;";;;;;16 Dowling ST. Dunedin New Zealand;-45.8766205;170.5033026;;;;blueoyster@blueoyster.org.nz;;;http://www.blueoyster.org.nz/;;;;;;;;;;;;;;;;;;;;;
";ferari;";Ferari;;;;304;;;;;;;";auckland;";;;;;66 Crummer Road, Grey Lynn Auckland, New Zealand 1021;-36.862709;174.7448063;;;;Ferarispace@gmail.com;;;http://www.facebook.com/FerariSpace;;;;;;;;;;;;;;;;;;;;;
";rm;";Rm;;;;305;;;;;;;";auckland;";;;;;3 Samona House Lane Auckland Aotearoa New Zealand;-36.8571574;174.7578583;;;;info@rm103.org.nz;;;http://www.rm103.org/;;;;;;;;;;;;;;;;;;;;;
